1539106318329309, 0, 0.020220, 0.800000
1539106318329309, 0, 0.014945, 0.800000
1539106318335746, -1, 1.055824, 0.800000
1539106318335746, 2, 1.071648, 0.800000
1539106318340907, -5, 1.048791, 0.800000
1539106318340907, 8, 0.904615, 0.800000
1539106318348512, -16, 0.864176, 0.800000
1539106318348512, 21, 0.750769, 0.800000
1539106318350614, -21, 0.793846, 0.800000
1539106318350614, 26, 0.661099, 0.800000
1539106318354609, -30, 0.702418, 0.800000
1539106318354609, 36, 0.614505, 0.800000
1539106318358417, -40, 0.698022, 0.800000
1539106318358417, 48, 0.495824, 0.800000
1539106318362409, -51, 0.601319, 0.800000
1539106318362409, 60, 0.462418, 0.800000
1539106318366234, -63, 0.549451, 0.800000
1539106318366234, 72, 0.409670, 0.800000
1539106318371257, -80, 0.506374, 0.800000
1539106318371257, 90, 0.334066, 0.800000
1539106318378423, -106, 0.454505, 0.800000
1539106318378423, 117, 0.288352, 0.800000
1539106318381068, -116, 0.397363, 0.800000
1539106318381068, 128, 0.283956, 0.800000
1539106318384519, -130, 0.372747, 0.800000
1539106318384519, 141, 0.261099, 0.800000
1539106318388630, -147, 0.363077, 0.800000
1539106318388630, 158, 0.237363, 0.800000
1539106318392353, -163, 0.337582, 0.800000
1539106318392353, 174, 0.216264, 0.800000
1539106318397096, -184, 0.317363, 0.800000
1539106318397096, 194, 0.196923, 0.800000
1539106318399694, -195, 0.309451, 0.800000
1539106318399694, 205, 0.203956, 0.800000
1539106318404829, -219, 0.278681, 0.800000
1539106318404829, 228, 0.170549, 0.800000
1539106318408667, -237, 0.246154, 0.800000
1539106318408667, 244, 0.157363, 0.800000
1539106318412709, -256, 0.245275, 0.800000
1539106318412709, 263, 0.151209, 0.800000
1539106318418074, -282, 0.232967, 0.800000
1539106318418074, 287, 0.152967, 0.800000
1539106318422331, -303, 0.218022, 0.800000
1539106318422331, 306, 0.137143, 0.800000
1539106318425854, -321, 0.211868, 0.800000
1539106318425854, 322, 0.130989, 0.800000
1539106318430992, -347, 0.209231, 0.800000
1539106318430992, 346, 0.138901, 0.800000
1539106318434050, -362, 0.202198, 0.800000
1539106318434050, 360, 0.145055, 0.800000
1539106318438697, -387, 0.202198, 0.800000
1539106318438697, 382, 0.111648, 0.800000
1539106318441233, -400, 0.189011, 0.800000
1539106318441233, 394, 0.120440, 0.800000
1539106318446374, -427, 0.171429, 0.800000
1539106318446374, 418, 0.114286, 0.800000
1539106318448507, -438, 0.181099, 0.800000
1539106318448507, 432, 0.107253, 0.800000
1539106318452550, -459, 0.167912, 0.800000
1539106318452550, 447, 0.130989, 0.800000
1539106318458678, -492, 0.155604, 0.800000
1539106318458678, 476, 0.110769, 0.800000
1539106318460712, -503, 0.162637, 0.800000
1539106318460712, 486, 0.107253, 0.800000
1539106318466109, -532, 0.163516, 0.800000
1539106318466109, 512, 0.123956, 0.800000
1539106318469989, -553, 0.163516, 0.800000
1539106318469989, 530, 0.102857, 0.800000
1539106318472748, -568, 0.151209, 0.800000
1539106318472748, 543, 0.107253, 0.800000
1539106318477592, -595, 0.149451, 0.800000
1539106318477592, 566, 0.105495, 0.800000
1539106318482983, -624, 0.151209, 0.800000
1539106318482983, 592, 0.100220, 0.800000
1539106318486817, -645, 0.140659, 0.800000
1539106318486817, 611, 0.089670, 0.800000
1539106318490547, -666, 0.138022, 0.800000
1539106318490547, 628, 0.094945, 0.800000
1539106318493308, -681, 0.155604, 0.800000
1539106318493308, 642, 0.084396, 0.800000
1539106318498652, -711, 0.130110, 0.800000
1539106318498652, 668, 0.103736, 0.800000
1539106318502612, -733, 0.123077, 0.800000
1539106318502612, 686, 0.103736, 0.800000
1539106318506448, -754, 0.139780, 0.800000
1539106318506448, 705, 0.093187, 0.800000
1539106318512245, -787, 0.131868, 0.800000
1539106318512245, 733, 0.101099, 0.800000
1539106318514589, -800, 0.120440, 0.800000
1539106318514589, 744, 0.101099, 0.800000
1539106318519227, -826, 0.139780, 0.800000
1539106318519227, 767, 0.105495, 0.800000
1539106318522628, -845, 0.112527, 0.800000
1539106318522628, 783, 0.119560, 0.800000
1539106318528723, -879, 0.125714, 0.800000
1539106318528723, 812, 0.094945, 0.800000
1539106318531146, -893, 0.109011, 0.800000
1539106318531146, 824, 0.100220, 0.800000
1539106318537985, -931, 0.127473, 0.800000
1539106318537985, 857, 0.109890, 0.800000
1539106318542597, -957, 0.104615, 0.800000
1539106318542597, 880, 0.087912, 0.800000
1539106318544726, -969, 0.139780, 0.800000
1539106318544726, 903, 0.104615, 0.800000
1539106318550689, -1003, 0.111648, 0.800000
1539106318550689, 918, 0.081758, 0.800000
1539106318553329, -1018, 0.134505, 0.800000
1539106318553329, 931, 0.084396, 0.800000
1539106318556707, -1037, 0.106374, 0.800000
1539106318556707, 948, 0.085275, 0.800000
1539106318561934, -1067, 0.123956, 0.800000
1539106318561934, 973, 0.083516, 0.800000
1539106318565143, -1085, 0.101978, 0.800000
1539106318565143, 988, 0.095824, 0.800000
1539106318568928, -1106, 0.134505, 0.800000
1539106318568928, 1007, 0.112527, 0.800000
1539106318573492, -1132, 0.104615, 0.800000
1539106318573492, 1029, 0.090549, 0.800000
1539106318576588, -1150, 0.105495, 0.800000
1539106318576588, 1044, 0.088791, 0.800000
1539106318580628, -1173, 0.116044, 0.800000
1539106318580628, 1064, 0.099341, 0.800000
1539106318585288, -1199, 0.119560, 0.800000
1539106318585288, 1086, 0.091429, 0.800000
1539106318590615, -1230, 0.116044, 0.800000
1539106318590615, 1112, 0.098462, 0.800000
1539106318594596, -1252, 0.138901, 0.800000
1539106318594596, 1131, 0.090549, 0.800000
1539106318597194, -1267, 0.135385, 0.800000
1539106318597194, 1144, 0.089670, 0.800000
1539106318600791, -1288, 0.115165, 0.800000
1539106318600791, 1161, 0.095824, 0.800000
1539106318604396, -1308, 0.110769, 0.800000
1539106318604396, 1178, 0.099341, 0.800000
1539106318610102, -1341, 0.100220, 0.800000
1539106318610102, 1206, 0.094066, 0.800000
1539106318614036, -1363, 0.127473, 0.800000
1539106318614036, 1225, 0.094066, 0.800000
1539106318618111, -1386, 0.111648, 0.800000
1539106318618111, 1245, 0.104615, 0.800000
1539106318623317, -1416, 0.124835, 0.800000
1539106318623317, 1270, 0.097582, 0.800000
1539106318629818, -1453, 0.105495, 0.800000
1539106318629818, 1302, 0.095824, 0.800000
1539106318632466, -1468, 0.106374, 0.800000
1539106318632466, 1314, 0.089670, 0.800000
1539106318634567, -1480, 0.111648, 0.800000
1539106318634567, 1324, 0.091429, 0.800000
1539106318638737, -1504, 0.120440, 0.800000
1539106318638737, 1345, 0.103736, 0.800000
1539106318641258, -1518, 0.097582, 0.800000
1539106318641258, 1357, 0.102857, 0.800000
1539106318644870, -1539, 0.130110, 0.800000
1539106318644870, 1374, 0.102857, 0.800000
1539106318649411, -1565, 0.099341, 0.800000
1539106318649411, 1396, 0.087033, 0.800000
1539106318654329, -1593, 0.144176, 0.800000
1539106318654329, 1420, 0.092308, 0.800000
1539106318657052, -1608, 0.132747, 0.800000
1539106318657052, 1433, 0.094066, 0.800000
1539106318660654, -1629, 0.100220, 0.800000
1539106318660654, 1451, 0.112527, 0.800000
1539106318665733, -1658, 0.120440, 0.800000
1539106318665733, 1476, 0.083516, 0.800000
1539106318669554, -1680, 0.119560, 0.800000
1539106318669554, 1507, 0.085275, 0.800000
1539106318674930, -1711, 0.098462, 0.800000
1539106318674930, 1520, 0.099341, 0.800000
1539106318677307, -1724, 0.100220, 0.800000
1539106318677307, 1532, 0.094066, 0.800000
1539106318682175, -1752, 0.121319, 0.800000
1539106318682175, 1555, 0.100220, 0.800000
1539106318684814, -1767, 0.110769, 0.800000
1539106318684814, 1568, 0.097582, 0.800000
1539106318690672, -1800, 0.129231, 0.800000
1539106318690672, 1596, 0.099341, 0.800000
1539106318692585, -1811, 0.109011, 0.800000
1539106318692585, 1605, 0.078242, 0.800000
1539106318697423, -1839, 0.105495, 0.800000
1539106318697423, 1629, 0.085275, 0.800000
1539106318702673, -1869, 0.093187, 0.800000
1539106318702673, 1655, 0.092308, 0.800000
1539106318705288, -1884, 0.128352, 0.800000
1539106318705288, 1667, 0.106374, 0.800000
1539106318710794, -1915, 0.106374, 0.800000
1539106318710794, 1695, 0.100220, 0.800000
1539106318712968, -1927, 0.125714, 0.800000
1539106318712968, 1704, 0.095824, 0.800000
1539106318718492, -1959, 0.109011, 0.800000
1539106318718492, 1732, 0.108132, 0.800000
1539106318721292, -1975, 0.123077, 0.800000
1539106318721292, 1750, 0.090549, 0.800000
1539106318728403, -2016, 0.118681, 0.800000
1539106318728403, 1780, 0.088791, 0.800000
1539106318731728, -2034, 0.119560, 0.800000
1539106318731728, 1809, 0.080879, 0.800000
1539106318736713, -2063, 0.106374, 0.800000
1539106318736713, 1820, 0.088791, 0.800000
1539106318739769, -2080, 0.117802, 0.800000
1539106318739769, 1843, 0.081758, 0.800000
1539106318745935, -2116, 0.126593, 0.800000
1539106318745935, 1864, 0.094066, 0.800000
1539106318748434, -2130, 0.123956, 0.800000
1539106318748434, 1876, 0.088791, 0.800000
1539106318752530, -2153, 0.113407, 0.800000
1539106318752530, 1909, 0.089670, 0.800000
1539106318759326, -2192, 0.102857, 0.800000
1539106318759326, 1929, 0.095824, 0.800000
1539106318763452, -2216, 0.131868, 0.800000
1539106318763452, 1949, 0.098462, 0.800000
1539106318767408, -2238, 0.090549, 0.800000
1539106318767408, 1968, 0.109890, 0.800000
1539106318773476, -2273, 0.121319, 0.800000
1539106318773476, 1998, 0.098462, 0.800000
1539106318775388, -2284, 0.106374, 0.800000
1539106318775388, 2007, 0.096703, 0.800000
1539106318779731, -2309, 0.122198, 0.800000
1539106318779731, 2032, 0.096703, 0.800000
1539106318786743, -2349, 0.096703, 0.800000
1539106318786743, 2062, 0.097582, 0.800000
1539106318788622, -2359, 0.125714, 0.800000
1539106318788622, 2088, 0.094945, 0.800000
1539106318794363, -2392, 0.114286, 0.800000
1539106318794363, 2099, 0.087033, 0.800000
1539106318797087, -2408, 0.131868, 0.800000
1539106318797087, 2112, 0.101978, 0.800000
1539106318801071, -2431, 0.095824, 0.800000
1539106318801071, 2132, 0.101099, 0.800000
1539106318805275, -2455, 0.123956, 0.800000
1539106318805275, 2152, 0.083516, 0.800000
1539106318810016, -2482, 0.115165, 0.800000
1539106318810016, 2175, 0.110769, 0.800000
1539106318814171, -2505, 0.128352, 0.800000
1539106318814171, 2195, 0.109011, 0.800000
1539106318820713, -2543, 0.106374, 0.800000
1539106318820713, 2227, 0.099341, 0.800000
1539106318823389, -2558, 0.101978, 0.800000
1539106318823389, 2240, 0.099341, 0.800000
1539106318826026, -2573, 0.093187, 0.800000
1539106318826026, 2252, 0.094066, 0.800000
1539106318832437, -2610, 0.118681, 0.800000
1539106318832437, 2284, 0.101978, 0.800000
1539106318835253, -2626, 0.114286, 0.800000
1539106318835253, 2297, 0.094066, 0.800000
1539106318839588, -2651, 0.118681, 0.800000
1539106318839588, 2318, 0.098462, 0.800000
1539106318842767, -2669, 0.094066, 0.800000
1539106318842767, 2333, 0.084396, 0.800000
1539106318846094, -2688, 0.109890, 0.800000
1539106318846094, 2360, 0.095824, 0.800000
1539106318851671, -2719, 0.103736, 0.800000
1539106318851671, 2377, 0.094945, 0.800000
1539106318855897, -2744, 0.109011, 0.800000
1539106318855897, 2401, 0.092308, 0.800000
1539106318859913, -2767, 0.116044, 0.800000
1539106318859913, 2433, 0.092308, 0.800000
1539106318864970, -2795, 0.116923, 0.800000
1539106318864970, 2441, 0.098462, 0.800000
1539106318870218, -2826, 0.111648, 0.800000
1539106318870218, 2467, 0.084396, 0.800000
1539106318873987, -2847, 0.109011, 0.800000
1539106318873987, 2485, 0.087033, 0.800000
1539106318877890, -2870, 0.100220, 0.800000
1539106318877890, 2504, 0.095824, 0.800000
1539106318883096, -2899, 0.111648, 0.800000
1539106318883096, 2529, 0.080000, 0.800000
1539106318887155, -2922, 0.105495, 0.800000
1539106318887155, 2549, 0.087033, 0.800000
1539106318890970, -2944, 0.114286, 0.800000
1539106318890970, 2568, 0.092308, 0.800000
1539106318894652, -2965, 0.097582, 0.800000
1539106318894652, 2586, 0.099341, 0.800000
1539106318900303, -2997, 0.109011, 0.800000
1539106318900303, 2613, 0.089670, 0.800000
1539106318903711, -3017, 0.115165, 0.800000
1539106318903711, 2629, 0.078242, 0.800000
1539106318908571, -3045, 0.110769, 0.800000
1539106318908571, 2653, 0.099341, 0.800000
1539106318911515, -3062, 0.107253, 0.800000
1539106318911515, 2667, 0.087912, 0.800000
1539106318916214, -3088, 0.123956, 0.800000
1539106318916214, 2695, 0.096703, 0.800000
1539106318919890, -3109, 0.101099, 0.800000
1539106318919890, 2712, 0.100220, 0.800000
1539106318926166, -3145, 0.119560, 0.800000
1539106318926166, 2739, 0.086154, 0.800000
1539106318929693, -3166, 0.097582, 0.800000
1539106318929693, 2756, 0.081758, 0.800000
1539106318934573, -3194, 0.118681, 0.800000
1539106318934573, 2780, 0.094945, 0.800000
1539106318939415, -3221, 0.124835, 0.800000
1539106318939415, 2803, 0.106374, 0.800000
1539106318942209, -3237, 0.111648, 0.800000
1539106318942209, 2823, 0.098462, 0.800000
1539106318947843, -3269, 0.121319, 0.800000
1539106318947843, 2855, 0.092308, 0.800000
1539106318952596, -3296, 0.105495, 0.800000
1539106318952596, 2867, 0.092308, 0.800000
1539106318956457, -3319, 0.116923, 0.800000
1539106318956457, 2885, 0.092308, 0.800000
1539106318961669, -3348, 0.095824, 0.800000
1539106318961669, 2911, 0.098462, 0.800000
1539106318964417, -3364, 0.127473, 0.800000
1539106318964417, 2924, 0.093187, 0.800000
1539106318970183, -3397, 0.101978, 0.800000
1539106318970183, 2952, 0.092308, 0.800000
1539106318980886, -3458, 0.130110, 0.800000
1539106318980886, 3012, 0.102857, 0.800000
1539106318985232, -3483, 0.130110, 0.800000
1539106318985232, 3025, 0.094945, 0.800000
1539106318988550, -3502, 0.099341, 0.800000
1539106318988550, 3041, 0.094945, 0.800000
1539106318992736, -3526, 0.110769, 0.800000
1539106318992736, 3061, 0.092308, 0.800000
1539106318997211, -3552, 0.128352, 0.800000
1539106318997211, 3083, 0.078242, 0.800000
1539106319002383, -3581, 0.096703, 0.800000
1539106319002383, 3108, 0.087912, 0.800000
1539106319005991, -3602, 0.130110, 0.800000
1539106319005991, 3125, 0.091429, 0.800000
1539106319011005, -3630, 0.096703, 0.800000
1539106319011005, 3150, 0.102857, 0.800000
1539106319013830, -3646, 0.101099, 0.800000
1539106319013830, 3164, 0.088791, 0.800000
1539106319019729, -3680, 0.122198, 0.800000
1539106319019729, 3194, 0.094066, 0.800000
1539106319022776, -3698, 0.126593, 0.800000
1539106319022776, 3207, 0.111648, 0.800000
1539106319026535, -3719, 0.116923, 0.800000
1539106319026535, 3225, 0.096703, 0.800000
1539106319029229, -3735, 0.102857, 0.800000
1539106319029229, 3238, 0.094066, 0.800000
1539106319034398, -3764, 0.113407, 0.800000
1539106319034398, 3264, 0.095824, 0.800000
1539106319037129, -3780, 0.122198, 0.800000
1539106319037129, 3276, 0.096703, 0.800000
1539106319040312, -3798, 0.120440, 0.800000
1539106319040312, 3292, 0.087033, 0.800000
1539106319045049, -3825, 0.112527, 0.800000
1539106319045049, 3320, 0.094066, 0.800000
1539106319050085, -3854, 0.101978, 0.800000
1539106319050085, 3340, 0.089670, 0.800000
1539106319055415, -3884, 0.095824, 0.800000
1539106319055415, 3365, 0.089670, 0.800000
1539106319058848, -3904, 0.115165, 0.800000
1539106319058848, 3382, 0.091429, 0.800000
1539106319061116, -3917, 0.096703, 0.800000
1539106319061116, 3393, 0.094945, 0.800000
1539106319064671, -3937, 0.127473, 0.800000
1539106319064671, 3410, 0.087912, 0.800000
1539106319070095, -3968, 0.109890, 0.800000
1539106319070095, 3437, 0.087033, 0.800000
1539106319074411, -3993, 0.141538, 0.800000
1539106319074411, 3457, 0.090549, 0.800000
1539106319078463, -4016, 0.108132, 0.800000
1539106319078463, 3477, 0.086154, 0.800000
1539106319081822, -4035, 0.123956, 0.800000
1539106319081822, 3493, 0.090549, 0.800000
1539106319085734, -4058, 0.120440, 0.800000
1539106319085734, 3524, 0.080000, 0.800000
1539106319090851, -4087, 0.123077, 0.800000
1539106319090851, 3538, 0.089670, 0.800000
1539106319094010, -4105, 0.124835, 0.800000
1539106319094010, 3552, 0.094945, 0.800000
1539106319099224, -4135, 0.127473, 0.800000
1539106319099224, 3578, 0.094066, 0.800000
1539106319102328, -4153, 0.130989, 0.800000
1539106319102328, 3593, 0.114286, 0.800000
1539106319104913, -4168, 0.116044, 0.800000
1539106319104913, 3605, 0.090549, 0.800000
1539106319108273, -4187, 0.116044, 0.800000
1539106319108273, 3622, 0.089670, 0.800000
1539106319114807, -4224, 0.123077, 0.800000
1539106319114807, 3654, 0.088791, 0.800000
1539106319117574, -4240, 0.119560, 0.800000
1539106319117574, 3667, 0.081758, 0.800000
1539106319120273, -4256, 0.105495, 0.800000
1539106319120273, 3680, 0.087033, 0.800000
1539106319124395, -4279, 0.124835, 0.800000
1539106319124395, 3700, 0.086154, 0.800000
1539106319138104, -4358, 0.100220, 0.800000
1539106319138104, 3767, 0.097582, 0.800000
1539106319144003, -4393, 0.123077, 0.800000
1539106319144003, 3796, 0.083516, 0.800000
1539106319149603, -4424, 0.126593, 0.800000
1539106319149603, 3823, 0.097582, 0.800000
1539106319153768, -4447, 0.105495, 0.800000
1539106319153768, 3843, 0.087033, 0.800000
1539106319156352, -4462, 0.098462, 0.800000
1539106319156352, 3855, 0.093187, 0.800000
1539106319160430, -4486, 0.112527, 0.800000
1539106319160430, 3875, 0.084396, 0.800000
1539106319165826, -4517, 0.120440, 0.800000
1539106319165826, 3901, 0.103736, 0.800000
1539106319170358, -4543, 0.097582, 0.800000
1539106319170358, 3923, 0.086154, 0.800000
1539106319171891, -4551, 0.098462, 0.800000
1539106319171891, 3946, 0.094945, 0.800000
1539106319177251, -4582, 0.125714, 0.800000
1539106319177251, 3956, 0.105495, 0.800000
1539106319179829, -4597, 0.098462, 0.800000
1539106319179829, 3985, 0.092308, 0.800000
1539106319184695, -4625, 0.119560, 0.800000
1539106319184695, 3992, 0.096703, 0.800000
1539106319187509, -4641, 0.104615, 0.800000
1539106319187509, 4006, 0.088791, 0.800000
1539106319193551, -4676, 0.118681, 0.800000
1539106319193551, 4036, 0.088791, 0.800000
1539106319196467, -4692, 0.101099, 0.800000
1539106319196467, 4050, 0.087912, 0.800000
1539106319200570, -4716, 0.106374, 0.800000
1539106319200570, 4070, 0.094066, 0.800000
1539106319204355, -4737, 0.109890, 0.800000
1539106319204355, 4088, 0.097582, 0.800000
1539106319209944, -4769, 0.117802, 0.800000
1539106319209944, 4115, 0.086154, 0.800000
1539106319212630, -4785, 0.107253, 0.800000
1539106319212630, 4128, 0.083516, 0.800000
1539106319217235, -4811, 0.114286, 0.800000
1539106319217235, 4151, 0.090549, 0.800000
1539106319221791, -4837, 0.099341, 0.800000
1539106319221791, 4173, 0.092308, 0.800000
1539106319226338, -4863, 0.109011, 0.800000
1539106319226338, 4195, 0.084396, 0.800000
1539106319231548, -4893, 0.089670, 0.800000
1539106319231548, 4220, 0.092308, 0.800000
1539106319236872, -4924, 0.112527, 0.800000
1539106319236872, 4246, 0.088791, 0.800000
1539106319240632, -4945, 0.128352, 0.800000
1539106319240632, 4264, 0.093187, 0.800000
1539106319246464, -4978, 0.107253, 0.800000
1539106319246464, 4292, 0.087033, 0.800000
1539106319248586, -4991, 0.105495, 0.800000
1539106319248586, 4303, 0.096703, 0.800000
1539106319252517, -5013, 0.113407, 0.800000
1539106319252517, 4322, 0.093187, 0.800000
1539106319256383, -5035, 0.099341, 0.800000
1539106319256383, 4340, 0.084396, 0.800000
1539106319258929, -5050, 0.123956, 0.800000
1539106319258929, 4353, 0.088791, 0.800000
1539106319264455, -5082, 0.111648, 0.800000
1539106319264455, 4380, 0.093187, 0.800000
1539106319267390, -5098, 0.122198, 0.800000
1539106319267390, 4394, 0.090549, 0.800000
1539106319272238, -5126, 0.102857, 0.800000
1539106319272238, 4418, 0.081758, 0.800000
1539106319277749, -5158, 0.109890, 0.800000
1539106319277749, 4445, 0.092308, 0.800000
1539106319280271, -5172, 0.103736, 0.800000
1539106319280271, 4456, 0.095824, 0.800000
1539106319284475, -5196, 0.102857, 0.800000
1539106319284475, 4477, 0.095824, 0.800000
1539106319288555, -5220, 0.102857, 0.800000
1539106319288555, 4497, 0.080879, 0.800000
1539106319292593, -5243, 0.116044, 0.800000
1539106319292593, 4516, 0.082637, 0.800000
1539106319296812, -5267, 0.107253, 0.800000
1539106319296812, 4537, 0.112527, 0.800000
1539106319301955, -5296, 0.117802, 0.800000
1539106319301955, 4562, 0.098462, 0.800000
1539106319306291, -5321, 0.112527, 0.800000
1539106319306291, 4583, 0.093187, 0.800000
1539106319309594, -5340, 0.106374, 0.800000
1539106319309594, 4599, 0.095824, 0.800000
1539106319314804, -5370, 0.113407, 0.800000
1539106319314804, 4624, 0.083516, 0.800000
1539106319317829, -5387, 0.111648, 0.800000
1539106319317829, 4639, 0.098462, 0.800000
1539106319322243, -5413, 0.092308, 0.800000
1539106319322243, 4668, 0.080000, 0.800000
1539106319326633, -5438, 0.101978, 0.800000
1539106319326633, 4681, 0.110769, 0.800000
1539106319330692, -5461, 0.115165, 0.800000
1539106319330692, 4701, 0.087033, 0.800000
1539106319338577, -5506, 0.108132, 0.800000
1539106319338577, 4740, 0.086154, 0.800000
1539106319340628, -5518, 0.128352, 0.800000
1539106319340628, 4753, 0.094066, 0.800000
1539106319344630, -5541, 0.112527, 0.800000
1539106319344630, 4769, 0.095824, 0.800000
1539106319349755, -5570, 0.125714, 0.800000
1539106319349755, 4794, 0.092308, 0.800000
1539106319353971, -5594, 0.117802, 0.800000
1539106319353971, 4814, 0.098462, 0.800000
1539106319359085, -5623, 0.126593, 0.800000
1539106319359085, 4839, 0.099341, 0.800000
1539106319362029, -5640, 0.119560, 0.800000
1539106319362029, 4853, 0.086154, 0.800000
1539106319364352, -5654, 0.101099, 0.800000
1539106319364352, 4864, 0.096703, 0.800000
1539106319369304, -5682, 0.122198, 0.800000
1539106319369304, 4888, 0.097582, 0.800000
1539106319373557, -5706, 0.102857, 0.800000
1539106319373557, 4909, 0.080879, 0.800000
1539106319378071, -5732, 0.117802, 0.800000
1539106319378071, 4931, 0.085275, 0.800000
1539106319382573, -5758, 0.094945, 0.800000
1539106319382573, 4953, 0.083516, 0.800000
1539106319385209, -5773, 0.098462, 0.800000
1539106319385209, 4966, 0.089670, 0.800000
1539106319389673, -5799, 0.109890, 0.800000
1539106319389673, 4988, 0.094945, 0.800000
1539106319394158, -5824, 0.118681, 0.800000
1539106319394158, 5009, 0.093187, 0.800000
1539106319397891, -5846, 0.101978, 0.800000
1539106319397891, 5028, 0.083516, 0.800000
1539106319402447, -5872, 0.116044, 0.800000
1539106319402447, 5058, 0.082637, 0.800000
1539106319405789, -5891, 0.108132, 0.800000
1539106319405789, 5065, 0.083516, 0.800000
1539106319410033, -5915, 0.116923, 0.800000
1539106319410033, 5086, 0.093187, 0.800000
1539106319414936, -5943, 0.107253, 0.800000
1539106319414936, 5110, 0.084396, 0.800000
1539106319418455, -5963, 0.114286, 0.800000
1539106319418455, 5127, 0.094945, 0.800000
1539106319421994, -5984, 0.103736, 0.800000
1539106319421994, 5144, 0.099341, 0.800000
1539106319427798, -6017, 0.117802, 0.800000
1539106319427798, 5173, 0.089670, 0.800000
1539106319431572, -6039, 0.101978, 0.800000
1539106319431572, 5191, 0.093187, 0.800000
1539106319438098, -6076, 0.097582, 0.800000
1539106319438098, 5223, 0.093187, 0.800000
1539106319440728, -6091, 0.106374, 0.800000
1539106319440728, 5235, 0.083516, 0.800000
1539106319444688, -6114, 0.119560, 0.800000
1539106319444688, 5254, 0.090549, 0.800000
1539106319447469, -6129, 0.107253, 0.800000
1539106319447469, 5268, 0.087912, 0.800000
1539106319451573, -6153, 0.134505, 0.800000
1539106319451573, 5288, 0.097582, 0.800000
1539106319455890, -6178, 0.111648, 0.800000
1539106319455890, 5329, 0.084396, 0.800000
1539106319463046, -6219, 0.113407, 0.800000
1539106319463046, 5344, 0.087033, 0.800000
1539106319465587, -6233, 0.115165, 0.800000
1539106319465587, 5356, 0.091429, 0.800000
1539106319469672, -6257, 0.116923, 0.800000
1539106319469672, 5376, 0.096703, 0.800000
1539106319472588, -6273, 0.106374, 0.800000
1539106319472588, 5403, 0.088791, 0.800000
1539106319479525, -6313, 0.121319, 0.800000
1539106319479525, 5424, 0.096703, 0.800000
1539106319483362, -6335, 0.109011, 0.800000
1539106319483362, 5442, 0.076484, 0.800000
1539106319487951, -6361, 0.107253, 0.800000
1539106319487951, 5472, 0.094066, 0.800000
1539106319493771, -6395, 0.122198, 0.800000
1539106319493771, 5493, 0.090549, 0.800000
1539106319498969, -6424, 0.113407, 0.800000
1539106319498969, 5518, 0.100220, 0.800000
1539106319501674, -6440, 0.130989, 0.800000
1539106319501674, 5531, 0.086154, 0.800000
1539106319504217, -6455, 0.119560, 0.800000
1539106319504217, 5544, 0.097582, 0.800000
1539106319508396, -6479, 0.102857, 0.800000
1539106319508396, 5564, 0.091429, 0.800000
1539106319513008, -6505, 0.120440, 0.800000
1539106319513008, 5586, 0.104615, 0.800000
1539106319517256, -6529, 0.125714, 0.800000
1539106319517256, 5607, 0.094066, 0.800000
1539106319520590, -6548, 0.110769, 0.800000
1539106319520590, 5623, 0.095824, 0.800000
1539106319524417, -6570, 0.108132, 0.800000
1539106319524417, 5641, 0.090549, 0.800000
1539106319530255, -6604, 0.104615, 0.800000
1539106319530255, 5670, 0.089670, 0.800000
1539106319532832, -6618, 0.110769, 0.800000
1539106319532832, 5682, 0.086154, 0.800000
1539106319539839, -6658, 0.109011, 0.800000
1539106319539839, 5717, 0.094066, 0.800000
1539106319543491, -6679, 0.127473, 0.800000
1539106319543491, 5734, 0.102857, 0.800000
1539106319549797, -6715, 0.097582, 0.800000
1539106319549797, 5765, 0.090549, 0.800000
1539106319553716, -6738, 0.116044, 0.800000
1539106319553716, 5784, 0.082637, 0.800000
1539106319556334, -6753, 0.101099, 0.800000
1539106319556334, 5796, 0.094945, 0.800000
1539106319560710, -6778, 0.125714, 0.800000
1539106319560710, 5818, 0.104615, 0.800000
1539106319566644, -6812, 0.098462, 0.800000
1539106319566644, 5847, 0.092308, 0.800000
1539106319569529, -6828, 0.106374, 0.800000
1539106319569529, 5860, 0.086154, 0.800000
1539106319574770, -6859, 0.106374, 0.800000
1539106319574770, 5886, 0.115165, 0.800000
1539106319577488, -6874, 0.126593, 0.800000
1539106319577488, 5899, 0.080000, 0.800000
1539106319580355, -6890, 0.112527, 0.800000
1539106319580355, 5913, 0.084396, 0.800000
1539106319584976, -6917, 0.133626, 0.800000
1539106319584976, 5936, 0.116044, 0.800000
1539106319588477, -6937, 0.122198, 0.800000
1539106319588477, 5952, 0.090549, 0.800000
1539106319593033, -6963, 0.127473, 0.800000
1539106319593033, 5974, 0.091429, 0.800000
1539106319595834, -6979, 0.122198, 0.800000
1539106319595834, 5997, 0.102857, 0.800000
1539106319602138, -7015, 0.126593, 0.800000
1539106319602138, 6019, 0.073846, 0.800000
1539106319607565, -7046, 0.099341, 0.800000
1539106319607565, 6045, 0.094066, 0.800000
1539106319611551, -7069, 0.101978, 0.800000
1539106319611551, 6064, 0.115165, 0.800000
1539106319615413, -7091, 0.107253, 0.800000
1539106319615413, 6083, 0.106374, 0.800000
1539106319620504, -7120, 0.118681, 0.800000
1539106319620504, 6108, 0.094066, 0.800000
1539106319623611, -7139, 0.110769, 0.800000
1539106319623611, 6123, 0.094066, 0.800000
1539106319629094, -7169, 0.124835, 0.800000
1539106319629094, 6149, 0.092308, 0.800000
1539106319632314, -7188, 0.103736, 0.800000
1539106319632314, 6165, 0.072088, 0.800000
1539106319636009, -7210, 0.118681, 0.800000
1539106319636009, 6184, 0.081758, 0.800000
1539106319641852, -7243, 0.103736, 0.800000
1539106319641852, 6212, 0.080000, 0.800000
1539106319644787, -7259, 0.113407, 0.800000
1539106319644787, 6225, 0.094066, 0.800000
1539106319648294, -7279, 0.101978, 0.800000
1539106319648294, 6243, 0.098462, 0.800000
1539106319655245, -7319, 0.123077, 0.800000
1539106319655245, 6276, 0.082637, 0.800000
1539106319659174, -7342, 0.093187, 0.800000
1539106319659174, 6296, 0.102857, 0.800000
1539106319661852, -7357, 0.099341, 0.800000
1539106319661852, 6308, 0.088791, 0.800000
1539106319665889, -7380, 0.101978, 0.800000
1539106319665889, 6328, 0.099341, 0.800000
1539106319669870, -7403, 0.107253, 0.800000
1539106319669870, 6347, 0.092308, 0.800000
1539106319672944, -7421, 0.096703, 0.800000
1539106319672944, 6378, 0.089670, 0.800000
1539106319678850, -7455, 0.103736, 0.800000
1539106319678850, 6391, 0.094945, 0.800000
1539106319681387, -7469, 0.094945, 0.800000
1539106319681387, 6403, 0.103736, 0.800000
1539106319685676, -7494, 0.119560, 0.800000
1539106319685676, 6424, 0.085275, 0.800000
1539106319690728, -7523, 0.109011, 0.800000
1539106319690728, 6448, 0.095824, 0.800000
1539106319692471, -7533, 0.088791, 0.800000
1539106319692471, 6457, 0.080879, 0.800000
1539106319696714, -7557, 0.113407, 0.800000
1539106319696714, 6478, 0.094945, 0.800000
1539106319700356, -7578, 0.109890, 0.800000
1539106319700356, 6495, 0.100220, 0.800000
1539106319705718, -7609, 0.124835, 0.800000
1539106319705718, 6521, 0.082637, 0.800000
1539106319709484, -7630, 0.100220, 0.800000
1539106319709484, 6540, 0.090549, 0.800000
1539106319711707, -7643, 0.117802, 0.800000
1539106319711707, 6564, 0.084396, 0.800000
1539106319717490, -7676, 0.112527, 0.800000
1539106319717490, 6579, 0.089670, 0.800000
1539106319719707, -7689, 0.141538, 0.800000
1539106319719707, 6589, 0.091429, 0.800000
1539106319724324, -7715, 0.106374, 0.800000
1539106319724324, 6612, 0.087912, 0.800000
1539106319729698, -7746, 0.125714, 0.800000
1539106319729698, 6638, 0.099341, 0.800000
1539106319733836, -7770, 0.108132, 0.800000
1539106319733836, 6658, 0.094945, 0.800000
1539106319737911, -7793, 0.119560, 0.800000
1539106319737911, 6678, 0.089670, 0.800000
1539106319742231, -7818, 0.105495, 0.800000
1539106319742231, 6699, 0.076484, 0.800000
1539106319746072, -7840, 0.116923, 0.800000
1539106319746072, 6717, 0.098462, 0.800000
1539106319751489, -7871, 0.109890, 0.800000
1539106319751489, 6744, 0.097582, 0.800000
1539106319756938, -7902, 0.096703, 0.800000
1539106319756938, 6770, 0.090549, 0.800000
1539106319759306, -7916, 0.099341, 0.800000
1539106319759306, 6781, 0.098462, 0.800000
1539106319762850, -7936, 0.117802, 0.800000
1539106319762850, 6799, 0.090549, 0.800000
1539106319767847, -7965, 0.094066, 0.800000
1539106319767847, 6829, 0.094066, 0.800000
1539106319771889, -7988, 0.128352, 0.800000
1539106319771889, 6848, 0.097582, 0.800000
1539106319778005, -8023, 0.123956, 0.800000
1539106319778005, 6872, 0.085275, 0.800000
1539106319780571, -8038, 0.116923, 0.800000
1539106319780571, 6884, 0.082637, 0.800000
1539106319785011, -8063, 0.109890, 0.800000
1539106319785011, 6906, 0.080879, 0.800000
1539106319787289, -8076, 0.103736, 0.800000
1539106319787289, 6917, 0.088791, 0.800000
1539106319791071, -8098, 0.110769, 0.800000
1539106319791071, 6936, 0.091429, 0.800000
1539106319796457, -8129, 0.120440, 0.800000
1539106319796457, 6962, 0.096703, 0.800000
1539106319799233, -8145, 0.105495, 0.800000
1539106319799233, 6975, 0.089670, 0.800000
1539106319803314, -8168, 0.131868, 0.800000
1539106319803314, 6995, 0.086154, 0.800000
1539106319808348, -8197, 0.100220, 0.800000
1539106319808348, 7020, 0.087033, 0.800000
1539106319814396, -8232, 0.123077, 0.800000
1539106319814396, 7049, 0.093187, 0.800000
1539106319816487, -8244, 0.104615, 0.800000
1539106319816487, 7059, 0.087033, 0.800000
1539106319819869, -8263, 0.123956, 0.800000
1539106319819869, 7078, 0.084396, 0.800000
1539106319823448, -8284, 0.100220, 0.800000
1539106319823448, 7093, 0.089670, 0.800000
1539106319827930, -8309, 0.133626, 0.800000
1539106319827930, 7130, 0.094066, 0.800000
1539106319834287, -8346, 0.107253, 0.800000
1539106319834287, 7145, 0.097582, 0.800000
1539106319837270, -8363, 0.122198, 0.800000
1539106319837270, 7160, 0.094945, 0.800000
1539106319841555, -8388, 0.105495, 0.800000
1539106319841555, 7181, 0.085275, 0.800000
1539106319845715, -8412, 0.109011, 0.800000
1539106319845715, 7201, 0.094945, 0.800000
1539106319849670, -8434, 0.108132, 0.800000
1539106319849670, 7220, 0.082637, 0.800000
1539106319853851, -8458, 0.116923, 0.800000
1539106319853851, 7240, 0.093187, 0.800000
1539106319858572, -8485, 0.095824, 0.800000
1539106319858572, 7263, 0.109890, 0.800000
1539106319862691, -8509, 0.101099, 0.800000
1539106319862691, 7283, 0.094066, 0.800000
1539106319867708, -8538, 0.107253, 0.800000
1539106319867708, 7316, 0.089670, 0.800000
1539106319871013, -8557, 0.102857, 0.800000
1539106319871013, 7323, 0.087912, 0.800000
1539106319875498, -8583, 0.101978, 0.800000
1539106319875498, 7346, 0.078242, 0.800000
1539106319880476, -8611, 0.116044, 0.800000
1539106319880476, 7369, 0.094066, 0.800000
1539106319883390, -8628, 0.101978, 0.800000
1539106319883390, 7384, 0.096703, 0.800000
1539106319887808, -8653, 0.102857, 0.800000
1539106319887808, 7424, 0.094945, 0.800000
1539106319894675, -8692, 0.123077, 0.800000
1539106319894675, 7439, 0.096703, 0.800000
1539106319898889, -8716, 0.099341, 0.800000
1539106319898889, 7459, 0.072088, 0.800000
1539106319901750, -8733, 0.096703, 0.800000
1539106319901750, 7473, 0.103736, 0.800000
1539106319905711, -8756, 0.114286, 0.800000
1539106319905711, 7492, 0.072967, 0.800000
1539106319910636, -8784, 0.122198, 0.800000
1539106319910636, 7516, 0.106374, 0.800000
1539106319914283, -8805, 0.105495, 0.800000
1539106319914283, 7534, 0.115165, 0.800000
1539106319920217, -8839, 0.135385, 0.800000
1539106319920217, 7563, 0.087912, 0.800000
1539106319922192, -8850, 0.122198, 0.800000
1539106319922192, 7572, 0.084396, 0.800000
1539106319924794, -8865, 0.111648, 0.800000
1539106319924794, 7585, 0.102857, 0.800000
1539106319931564, -8904, 0.122198, 0.800000
1539106319931564, 7618, 0.090549, 0.800000
1539106319936654, -8933, 0.121319, 0.800000
1539106319936654, 7642, 0.093187, 0.800000
1539106319940712, -8956, 0.101099, 0.800000
1539106319940712, 7662, 0.095824, 0.800000
1539106319943329, -8971, 0.101978, 0.800000
1539106319943329, 7675, 0.089670, 0.800000
1539106319949692, -9008, 0.105495, 0.800000
1539106319949692, 7705, 0.099341, 0.800000
1539106319952746, -9025, 0.125714, 0.800000
1539106319952746, 7720, 0.096703, 0.800000
1539106319958738, -9060, 0.105495, 0.800000
1539106319958738, 7749, 0.085275, 0.800000
1539106319963752, -9088, 0.128352, 0.800000
1539106319963752, 7783, 0.094066, 0.800000
1539106319967849, -9112, 0.110769, 0.800000
1539106319967849, 7794, 0.093187, 0.800000
1539106319971755, -9134, 0.104615, 0.800000
1539106319971755, 7820, 0.085275, 0.800000
1539106319978227, -9171, 0.129231, 0.800000
1539106319978227, 7844, 0.081758, 0.800000
1539106319980511, -9184, 0.122198, 0.800000
1539106319980511, 7855, 0.086154, 0.800000
1539106319986366, -9218, 0.128352, 0.800000
1539106319986366, 7884, 0.080879, 0.800000
1539106319988972, -9233, 0.123956, 0.800000
1539106319988972, 7896, 0.095824, 0.800000
1539106319993174, -9257, 0.108132, 0.800000
1539106319993174, 7917, 0.093187, 0.800000
1539106319995208, -9269, 0.120440, 0.800000
1539106319995208, 7926, 0.094066, 0.800000
1539106319998891, -9290, 0.121319, 0.800000
1539106319998891, 7944, 0.091429, 0.800000
1539106320004343, -9321, 0.123077, 0.800000
1539106320004343, 7972, 0.074725, 0.800000
1539106320010072, -9354, 0.112527, 0.800000
1539106320010072, 7999, 0.084396, 0.800000
1539106320012510, -9368, 0.127473, 0.800000
1539106320012510, 8010, 0.091429, 0.800000
1539106320015563, -9385, 0.125714, 0.800000
1539106320015563, 8025, 0.094066, 0.800000
1539106320021369, -9419, 0.115165, 0.800000
1539106320021369, 8053, 0.089670, 0.800000
1539106320024357, -9436, 0.101099, 0.800000
1539106320024357, 8068, 0.087033, 0.800000
1539106320032015, -9487, 0.100220, 0.800000
1539106320032015, 8111, 0.096703, 0.800000
1539106320035898, -9502, 0.109890, 0.800000
1539106320035898, 8125, 0.096703, 0.800000
1539106320040293, -9527, 0.118681, 0.800000
1539106320040293, 8145, 0.081758, 0.800000
1539106320044756, -9553, 0.126593, 0.800000
1539106320044756, 8167, 0.093187, 0.800000
1539106320048337, -9574, 0.108132, 0.800000
1539106320048337, 8184, 0.094945, 0.800000
1539106320052530, -9598, 0.095824, 0.800000
1539106320052530, 8205, 0.098462, 0.800000
1539106320056518, -9620, 0.115165, 0.800000
1539106320056518, 8224, 0.098462, 0.800000
1539106320062751, -9656, 0.132747, 0.800000
1539106320062751, 8254, 0.098462, 0.800000
1539106320064707, -9667, 0.113407, 0.800000
1539106320064707, 8266, 0.090549, 0.800000
1539106320068510, -9689, 0.112527, 0.800000
1539106320068510, 8282, 0.078242, 0.800000
1539106320074507, -9724, 0.105495, 0.800000
1539106320074507, 8312, 0.117802, 0.800000
1539106320077475, -9741, 0.091429, 0.800000
1539106320077475, 8326, 0.093187, 0.800000
1539106320082888, -9772, 0.105495, 0.800000
1539106320082888, 8352, 0.097582, 0.800000
1539106320084566, -9781, 0.097582, 0.800000
1539106320084566, 8360, 0.085275, 0.800000
1539106320090256, -9814, 0.109890, 0.800000
1539106320090256, 8388, 0.090549, 0.800000
1539106320092991, -9830, 0.100220, 0.800000
1539106320092991, 8401, 0.093187, 0.800000
1539106320097554, -9856, 0.108132, 0.800000
1539106320097554, 8423, 0.081758, 0.800000
1539106320100628, -9873, 0.106374, 0.800000
1539106320100628, 8438, 0.093187, 0.800000
1539106320106694, -9908, 0.113407, 0.800000
1539106320106694, 8468, 0.106374, 0.800000
1539106320109136, -9922, 0.110769, 0.800000
1539106320109136, 8479, 0.098462, 0.800000
1539106320111929, -9938, 0.106374, 0.800000
1539106320111929, 8504, 0.097582, 0.800000
1539106320117294, -9969, 0.109890, 0.800000
1539106320117294, 8519, 0.092308, 0.800000
1539106320120473, -9987, 0.126593, 0.800000
1539106320120473, 8534, 0.095824, 0.800000
1539106320124934, -10013, 0.094066, 0.800000
1539106320124934, 8556, 0.091429, 0.800000
1539106320131416, -10050, 0.117802, 0.800000
1539106320131416, 8588, 0.087033, 0.800000
1539106320135471, -10073, 0.114286, 0.800000
1539106320135471, 8607, 0.098462, 0.800000
1539106320141972, -10110, 0.094945, 0.800000
1539106320141972, 8639, 0.097582, 0.800000
1539106320144634, -10126, 0.097582, 0.800000
1539106320144634, 8652, 0.094066, 0.800000
1539106320148437, -10148, 0.122198, 0.800000
1539106320148437, 8670, 0.098462, 0.800000
1539106320152222, -10169, 0.126593, 0.800000
1539106320152222, 8688, 0.094945, 0.800000
1539106320157512, -10200, 0.114286, 0.800000
1539106320157512, 8714, 0.090549, 0.800000
1539106320160334, -10216, 0.109890, 0.800000
1539106320160334, 8728, 0.085275, 0.800000
1539106320164711, -10241, 0.117802, 0.800000
1539106320164711, 8749, 0.097582, 0.800000
1539106320168234, -10261, 0.115165, 0.800000
1539106320168234, 8766, 0.095824, 0.800000
1539106320173677, -10292, 0.112527, 0.800000
1539106320173677, 8793, 0.104615, 0.800000
1539106320175929, -10305, 0.104615, 0.800000
1539106320175929, 8806, 0.076484, 0.800000
1539106320180573, -10332, 0.107253, 0.800000
1539106320180573, 8826, 0.093187, 0.800000
1539106320186209, -10364, 0.094945, 0.800000
1539106320186209, 8853, 0.086154, 0.800000
1539106320189071, -10380, 0.105495, 0.800000
1539106320189071, 8873, 0.096703, 0.800000
1539106320192895, -10402, 0.111648, 0.800000
1539106320192895, 8886, 0.094066, 0.800000
1539106320197296, -10428, 0.109011, 0.800000
1539106320197296, 8907, 0.085275, 0.800000
1539106320202729, -10459, 0.103736, 0.800000
1539106320202729, 8934, 0.104615, 0.800000
1539106320205133, -10472, 0.132747, 0.800000
1539106320205133, 8945, 0.090549, 0.800000
1539106320208375, -10491, 0.108132, 0.800000
1539106320208375, 8961, 0.094066, 0.800000
1539106320212593, -10515, 0.125714, 0.800000
1539106320212593, 8987, 0.085275, 0.800000
1539106320216891, -10540, 0.107253, 0.800000
1539106320216891, 9002, 0.087912, 0.800000
1539106320220890, -10563, 0.127473, 0.800000
1539106320220890, 9022, 0.096703, 0.800000
1539106320224756, -10585, 0.122198, 0.800000
1539106320224756, 9040, 0.094945, 0.800000
1539106320229943, -10615, 0.122198, 0.800000
1539106320229943, 9066, 0.094066, 0.800000
1539106320233670, -10636, 0.101978, 0.800000
1539106320233670, 9084, 0.093187, 0.800000
1539106320238043, -10661, 0.115165, 0.800000
1539106320238043, 9105, 0.095824, 0.800000
1539106320243222, -10691, 0.100220, 0.800000
1539106320243222, 9130, 0.093187, 0.800000
1539106320247414, -10715, 0.115165, 0.800000
1539106320247414, 9151, 0.096703, 0.800000
1539106320252507, -10744, 0.115165, 0.800000
1539106320252507, 9175, 0.095824, 0.800000
1539106320254889, -10758, 0.121319, 0.800000
1539106320254889, 9187, 0.084396, 0.800000
1539106320259718, -10786, 0.110769, 0.800000
1539106320259718, 9216, 0.113407, 0.800000
1539106320264954, -10816, 0.116044, 0.800000
1539106320264954, 9236, 0.087033, 0.800000
1539106320268377, -10836, 0.105495, 0.800000
1539106320268377, 9252, 0.087912, 0.800000
1539106320272557, -10860, 0.105495, 0.800000
1539106320272557, 9273, 0.097582, 0.800000
1539106320278012, -10891, 0.105495, 0.800000
1539106320278012, 9299, 0.087912, 0.800000
1539106320283382, -10921, 0.123077, 0.800000
1539106320283382, 9325, 0.091429, 0.800000
1539106320286534, -10940, 0.096703, 0.800000
1539106320286534, 9340, 0.093187, 0.800000
1539106320292346, -10973, 0.096703, 0.800000
1539106320292346, 9369, 0.095824, 0.800000
1539106320294006, -10983, 0.099341, 0.800000
1539106320294006, 9376, 0.094066, 0.800000
1539106320298965, -11011, 0.120440, 0.800000
1539106320298965, 9401, 0.093187, 0.800000
1539106320302783, -11033, 0.114286, 0.800000
1539106320302783, 9419, 0.084396, 0.800000
1539106320306715, -11056, 0.114286, 0.800000
1539106320306715, 9439, 0.087033, 0.800000
1539106320310316, -11076, 0.102857, 0.800000
1539106320310316, 9456, 0.096703, 0.800000
1539106320314789, -11102, 0.099341, 0.800000
1539106320314789, 9478, 0.088791, 0.800000
1539106320318311, -11122, 0.110769, 0.800000
1539106320318311, 9495, 0.097582, 0.800000
1539106320326802, -11171, 0.107253, 0.800000
1539106320326802, 9536, 0.090549, 0.800000
1539106320330369, -11191, 0.123956, 0.800000
1539106320330369, 9553, 0.103736, 0.800000
1539106320333854, -11211, 0.105495, 0.800000
1539106320333854, 9570, 0.093187, 0.800000
1539106320337208, -11231, 0.101099, 0.800000
1539106320337208, 9586, 0.088791, 0.800000
1539106320340686, -11251, 0.117802, 0.800000
1539106320340686, 9603, 0.088791, 0.800000
1539106320343031, -11264, 0.106374, 0.800000
1539106320343031, 9615, 0.098462, 0.800000
1539106320345746, -11280, 0.113407, 0.800000
1539106320345746, 9628, 0.090549, 0.800000
1539106320348394, -11295, 0.109890, 0.800000
1539106320348394, 9641, 0.096703, 0.800000
1539106320350712, -11308, 0.102857, 0.800000
1539106320350712, 9652, 0.080000, 0.800000
1539106320353488, -11324, 0.097582, 0.800000
1539106320353488, 9665, 0.104615, 0.800000
1539106320356195, -11340, 0.109011, 0.800000
1539106320356195, 9678, 0.098462, 0.800000
1539106320358868, -11355, 0.114286, 0.800000
1539106320358868, 9692, 0.094945, 0.800000
1539106320360410, -11364, 0.107253, 0.800000
1539106320360410, 9699, 0.080000, 0.800000
1539106320362931, -11378, 0.127473, 0.800000
1539106320362931, 9715, 0.082637, 0.800000
1539106320366250, -11397, 0.113407, 0.800000
1539106320366250, 9727, 0.097582, 0.800000
1539106320368206, -11409, 0.109011, 0.800000
1539106320368206, 9742, 0.094066, 0.800000
1539106320371286, -11426, 0.125714, 0.800000
1539106320371286, 9752, 0.086154, 0.800000
1539106320373372, -11438, 0.109011, 0.800000
1539106320373372, 9762, 0.087033, 0.800000
1539106320375305, -11449, 0.123077, 0.800000
1539106320375305, 9771, 0.080879, 0.800000
1539106320378248, -11466, 0.108132, 0.800000
1539106320378248, 9786, 0.094066, 0.800000
